{"cameraMode":{"drawMode":0,"name":"Shaded","section":"Shading Mode"},"sceneLighting":false,"audioPlay":false,"sceneViewState":{"showFog":true,"showMaterialUpdate":false,"showSkybox":true,"showFlares":true,"showImageEffects":true,"showParticleSystems":true},"in2DMode":false,"pivot":{"x":12.757040977478028,"y":3.371835708618164,"z":4.274884223937988},"rotation":{"x":0.1298428177833557,"y":0.6609499454498291,"z":-0.11776310205459595,"w":0.7304598093032837},"size":5.736873149871826,"orthographic":false}