{"cameraMode":{"drawMode":0,"name":"Shaded","section":"Shading Mode"},"sceneLighting":false,"audioPlay":false,"sceneViewState":{"showFog":true,"showMaterialUpdate":false,"showSkybox":true,"showFlares":true,"showImageEffects":true,"showParticleSystems":true},"in2DMode":false,"pivot":{"x":368.2915954589844,"y":468.6042175292969,"z":58.88962936401367},"rotation":{"x":-0.07287576794624329,"y":0.011142286472022534,"z":-0.0007240141276270151,"w":-0.9978923797607422},"size":194.96945190429688,"orthographic":false}