{"cameraMode":{"drawMode":0,"name":"Shaded","section":"Shading Mode"},"sceneLighting":false,"audioPlay":false,"sceneViewState":{"showFog":true,"showMaterialUpdate":false,"showSkybox":true,"showFlares":true,"showImageEffects":true,"showParticleSystems":true},"in2DMode":false,"pivot":{"x":436.12799072265627,"y":-40.10133743286133,"z":43.07735061645508},"rotation":{"x":-0.04037797451019287,"y":-0.681508481502533,"z":0.03809965401887894,"w":-0.7307420969009399},"size":209.91172790527345,"orthographic":false}