{"cameraMode":{"drawMode":0,"name":"Shaded","section":"Shading Mode"},"sceneLighting":false,"audioPlay":false,"sceneViewState":{"showFog":true,"showMaterialUpdate":false,"showSkybox":true,"showFlares":true,"showImageEffects":true,"showParticleSystems":true},"in2DMode":false,"pivot":{"x":400.0185852050781,"y":-98.00713348388672,"z":42.735206604003909},"rotation":{"x":0.09329880028963089,"y":0.7206706404685974,"z":-0.09919623285531998,"w":0.6808669567108154},"size":193.3949737548828,"orthographic":false}