{"cameraMode":{"drawMode":0,"name":"Shaded","section":"Shading Mode"},"sceneLighting":false,"audioPlay":false,"sceneViewState":{"showFog":true,"showMaterialUpdate":false,"showSkybox":true,"showFlares":true,"showImageEffects":true,"showParticleSystems":true},"in2DMode":false,"pivot":{"x":1.3513365983963013,"y":23.83321189880371,"z":3.947718381881714},"rotation":{"x":-0.1980183720588684,"y":-0.5270358920097351,"z":0.12801097333431245,"w":-0.817155659198761},"size":2.0174262523651125,"orthographic":false}