{"cameraMode":{"drawMode":0,"name":"Shaded","section":"Shading Mode"},"sceneLighting":false,"audioPlay":false,"sceneViewState":{"showFog":true,"showMaterialUpdate":false,"showSkybox":true,"showFlares":true,"showImageEffects":true,"showParticleSystems":true},"in2DMode":false,"pivot":{"x":72.74442291259766,"y":-116.94901275634766,"z":208.75173950195313},"rotation":{"x":0.26859739422798159,"y":0.09362136572599411,"z":-0.025931574404239656,"w":0.9592043161392212},"size":121.93907928466797,"orthographic":false}