{"cameraMode":{"drawMode":0,"name":"Shaded","section":"Shading Mode"},"sceneLighting":false,"audioPlay":false,"sceneViewState":{"showFog":true,"showMaterialUpdate":false,"showSkybox":true,"showFlares":true,"showImageEffects":true,"showParticleSystems":true},"in2DMode":false,"pivot":{"x":17.24302101135254,"y":-0.132854163646698,"z":135.393798828125},"rotation":{"x":-0.011353371664881707,"y":0.6702048778533936,"z":-0.008927610702812672,"w":-0.7427235841751099},"size":12.470725059509278,"orthographic":false}