{"cameraMode":{"drawMode":0,"name":"Shaded","section":"Shading Mode"},"sceneLighting":false,"audioPlay":false,"sceneViewState":{"showFog":true,"showMaterialUpdate":false,"showSkybox":true,"showFlares":true,"showImageEffects":true,"showParticleSystems":true},"in2DMode":false,"pivot":{"x":394.62664794921877,"y":-67.99952697753906,"z":15.118316650390625},"rotation":{"x":0.07107604295015335,"y":0.6977993249893189,"z":-0.07091644406318665,"w":0.7102199196815491},"size":193.3949737548828,"orthographic":false}