{"cameraMode":{"drawMode":0,"name":"Shaded","section":"Shading Mode"},"sceneLighting":false,"audioPlay":false,"sceneViewState":{"showFog":true,"showMaterialUpdate":false,"showSkybox":true,"showFlares":true,"showImageEffects":true,"showParticleSystems":true},"in2DMode":false,"pivot":{"x":339.9561462402344,"y":-27.611658096313478,"z":139.01104736328126},"rotation":{"x":-0.045605238527059558,"y":-0.5734074711799622,"z":0.03166414424777031,"w":-0.818402111530304},"size":197.8892059326172,"orthographic":false}