{"cameraMode":{"drawMode":1,"name":"Wireframe","section":"Shading Mode"},"sceneLighting":true,"audioPlay":false,"sceneViewState":{"showFog":true,"showMaterialUpdate":false,"showSkybox":true,"showFlares":true,"showImageEffects":true,"showParticleSystems":true},"in2DMode":false,"pivot":{"x":6.748005390167236,"y":-3.479442596435547,"z":7.885226726531982},"rotation":{"x":-0.2669380009174347,"y":-0.02544058859348297,"z":0.007050320040434599,"w":-0.9633564352989197},"size":9.9054536819458,"orthographic":false}