{"cameraMode":{"drawMode":0,"name":"Shaded","section":"Shading Mode"},"sceneLighting":false,"audioPlay":false,"sceneViewState":{"showFog":true,"showMaterialUpdate":false,"showSkybox":true,"showFlares":true,"showImageEffects":true,"showParticleSystems":true},"in2DMode":false,"pivot":{"x":51.47985076904297,"y":4.968617916107178,"z":90.64665985107422},"rotation":{"x":0.06121823936700821,"y":0.7558735609054565,"z":-0.07226521521806717,"w":0.6485735177993774},"size":2.976609230041504,"orthographic":false}