{"cameraMode":{"drawMode":0,"name":"Shaded","section":"Shading Mode"},"sceneLighting":false,"audioPlay":false,"sceneViewState":{"showFog":true,"showMaterialUpdate":false,"showSkybox":true,"showFlares":true,"showImageEffects":true,"showParticleSystems":true},"in2DMode":false,"pivot":{"x":323.84918212890627,"y":74.90637969970703,"z":299.60516357421877},"rotation":{"x":-0.0838613286614418,"y":0.3927055597305298,"z":0.0364682637155056,"w":0.9160154461860657},"size":197.8892059326172,"orthographic":false}