{"cameraMode":{"drawMode":0,"name":"Shaded","section":"Shading Mode"},"sceneLighting":false,"audioPlay":false,"sceneViewState":{"showFog":true,"showMaterialUpdate":false,"showSkybox":true,"showFlares":true,"showImageEffects":true,"showParticleSystems":true},"in2DMode":false,"pivot":{"x":2.4072656631469728,"y":13.036698341369629,"z":28.53363800048828},"rotation":{"x":-0.17980727553367616,"y":-0.631901204586029,"z":0.15478739142417909,"w":-0.7386106848716736},"size":2.0174262523651125,"orthographic":false}