{"cameraMode":{"drawMode":0,"name":"Shaded","section":"Shading Mode"},"sceneLighting":true,"audioPlay":false,"sceneViewState":{"showFog":true,"showMaterialUpdate":false,"showSkybox":true,"showFlares":true,"showImageEffects":true,"showParticleSystems":true},"in2DMode":false,"pivot":{"x":41.29652404785156,"y":-1.1727890968322755,"z":-10.645059585571289},"rotation":{"x":0.04068295285105705,"y":0.8816140294075012,"z":-0.07713302224874497,"w":0.4640026092529297},"size":14.720447540283204,"orthographic":false}